r.squared,adj.r.squared,sigma,statistic,p.value,df,logLik,AIC,BIC,deviance,df.residual,zone
0.7177028911528326,0.7165167688467521,8.066540054228016,605.083377551878,2.6216780437756515e-67,2,-840.594973676138,1687.189947352276,1697.631864122302,15486.43829025865,238,A1
0.5551374243170617,0.553268253830999,10.126212000804985,296.9966776473168,9.51558740605885e-44,2,-895.171612315512,1796.343224631024,1806.78514140105,24404.560337488765,238,A2
0.6752199960747056,0.6738438096173951,8.686043544679595,490.64572063458843,1.4688023368820276e-59,2,-851.1919217919378,1708.3838435838757,1718.8006556048902,17805.57518057654,236,A3
0.46255792374361493,0.460290235658145,11.1517987061941,203.97775457189903,8.389584325367232e-34,2,-914.494693962745,1834.98938792549,1845.4187785812846,29473.93960888296,237,A4
0.1040953255869476,0.10026667313219095,14.463006487257678,27.188502173296467,4.056684916624761e-7,2,-964.3614430369082,1934.7228860738164,1945.1143814888933,48947.7822562071,234,A6
