r.squared,adj.r.squared,sigma,statistic,p.value,df,logLik,AIC,BIC,deviance,df.residual,zone
0.6884570511699587,0.6871480471832778,8.47408942329081,525.9396137636166,3.3271709359988773e-62,2,-852.4242271641599,1710.8484543283198,1721.2903710983458,17090.825589835138,238,A1
0.5545769422053507,0.552705416752432,10.132588997277946,296.32348378723503,1.1059198281845182e-43,2,-895.3227050879028,1796.6454101758056,1807.0873269458316,24435.307629486422,238,A2
0.6393419746364356,0.6378137626645561,9.153246561700266,418.35948572639734,3.535207132257728e-54,2,-863.6609999121714,1733.3219998243428,1743.7388118453573,19772.53373814955,236,A3
0.4964563477155054,0.49433169095481133,10.794378748007084,233.6642590464005,3.5953611488600002e-37,2,-906.7091992937002,1819.4183985874004,1829.847789243195,27614.911175636193,237,A4
0.17105410314559819,0.16751159931288706,13.912038563238951,48.28621540677022,3.6254409477413523e-11,2,-955.1953060168546,1916.3906120337092,1926.782107448786,45289.48717450116,234,A6
