term,estimate,std.error,statistic,p.value,model
(Intercept),-3.2931704193340106,1.8441125350957095,-1.785775193574667,0.0741356647735499,fit_age3
anu_adj,-1.043258076741658,0.8906210193277326,-1.1713827252012763,0.24144497280977686,fit_age3
age,1.471505097851312,0.43677250237710724,3.369042441643503,7.542981314999259e-4,fit_age3
