term,estimate,std.error,statistic,p.value,model
(Intercept),3.409979955300807,0.2607156240125842,13.079308032326496,4.323580912776001e-39,fit
outer_prop,-18.259044261900215,1.4205474243319476,-12.853526710301168,8.217661585508211e-38,fit
(Intercept),-0.16598473378558196,0.5110551456961082,-0.32478830353913013,0.745341297482334,fit_age3
outer_prop,2.808188982936607,3.1440791794266807,0.8931673862770457,0.3717675405601945,fit_age3
