term,estimate,std.error,statistic,p.value,model
(Intercept),22.566068555787666,48196.143097313325,4.68213161999795e-4,0.9996264199605253,fit_age3
