term,estimate,std.error,statistic,p.value,model
(Intercept),-1.2115843702230413,0.7364560433141242,-1.6451550384063565,0.09993784288343951,fit_age3
outer_prop,3.938643320764528,4.23636765255857,0.9297217908803949,0.35251514898305764,fit_age3
