term,estimate,std.error,statistic,p.value,model
(Intercept),-2.0592895526911903,5.391676355411423,-0.38193864337282757,0.7025068759756896,fit_age3
anu_adj,4.915773266978608,10.000434724814404,0.49155595754061965,0.623033284845213,fit_age3
scale_length_prior,0.9670859042730501,1.786547006548016,0.5413156780809608,0.5882900159606977,fit_age3
anu_adj:scale_length_prior,-1.9788459222216355,3.205642371330268,-0.6173009004121879,0.5370362730465188,fit_age3
