term,estimate,std.error,statistic,p.value,model
(Intercept),0.5156942396481365,1.3375933684623038,0.38553887287956445,0.6998382117295838,fit_age3
anu_adj,-1.6398328058552551,1.0975684792320606,-1.4940596754405724,0.1351600224632218,fit_age3
age3,0.6164791229240215,0.7959733730709139,0.7744971675944479,0.4386368425193683,fit_age3
age4,3.7649667125824684,1.3725685867339925,2.7430080718524628,0.006087918896743696,fit_age3
age5,18.458638414484337,1355.8368204290994,0.013614203520924068,0.9891377727500983,fit_age3
age6,3.2251893822767888,1.5395902650974194,2.0948361751772384,0.036185558122185116,fit_age3
