term,estimate,std.error,statistic,p.value,model
(Intercept),3.9140116754658414,7.447596115939401,0.5255402702476097,0.5992076664228907,fit_age2
anu_adj,-5.322429692052852,6.425399457405257,-0.8283422263994442,0.4074767152519156,fit_age2
scale_length_prior,-1.407373558860673,4.0253011245687205,-0.34963186984215056,0.7266149900179453,fit_age2
anu_adj:scale_length_prior,1.5439378541420496,3.333802378794946,0.4631161894785526,0.6432810861778727,fit_age2
