term,estimate,std.error,statistic,p.value,model
(Intercept),-0.16598473378558196,0.5110551456961082,-0.32478830353913013,0.745341297482334,fit_age3
outer_prop,2.808188982936607,3.1440791794266807,0.8931673862770457,0.3717675405601945,fit_age3
