term,estimate,std.error,statistic,p.value,model
(Intercept),4.150302213298896,7.435765085192925,0.5581540252748872,0.5767392118255517,fit_age2
anu_adj,-5.445380518898345,6.404477719623564,-0.8502458369420961,0.3951884226172595,fit_age2
scale_length_prior,-1.4783210741236894,4.031951671378884,-0.3666514865784885,0.7138789980346618,fit_age2
anu_adj:scale_length_prior,1.5965268737435925,3.3377935151784035,0.47831804648294995,0.6324238537508551,fit_age2
