term,estimate,std.error,statistic,p.value,model
(Intercept),1.0958195661120125,1.8000751421086245,0.608763234643838,0.5426813861581221,fit_age3
anu_adj,-1.1639834145817056,1.9295800836752857,-0.6032314618238895,0.5463547205159547,fit_age3
scale_length_prior,-0.07634828603314424,0.5719526272167275,-0.13348707987351183,0.8938081815945115,fit_age3
