null.deviance,df.null,logLik,AIC,BIC,deviance,df.residual,model
195.70813745180703,142,-97.44021589033551,198.88043178067102,204.80612104119083,194.88043178067102,141,fit_age3
