null.deviance,df.null,logLik,AIC,BIC,deviance,df.residual,model
61.76992834265755,63,-29.357497143942,66.714994287884,75.35052662132269,58.71499428788399,60,fit_age2
