null.deviance,df.null,logLik,AIC,BIC,deviance,df.residual,model
787.3518156556403,567,-185.09883690133097,374.19767380266194,382.88191664010424,370.19767380266194,566,fit
195.70813745180703,142,-97.44021589033551,198.88043178067102,204.80612104119083,194.88043178067102,141,fit_age3
