null.deviance,df.null,logLik,AIC,BIC,deviance,df.residual,model
276.9170309745885,210,-69.02029131167569,158.04058262335138,191.55916395811204,138.04058262335138,201,fit_age3
