null.deviance,df.null,logLik,AIC,BIC,deviance,df.residual,model
63.3758989467018,67,-30.16218382736482,68.32436765472964,77.20239847543407,60.32436765472964,64,fit_age2
