null.deviance,df.null,logLik,AIC,BIC,deviance,df.residual,model
70.21002803532892,50,-34.86491808701006,75.72983617402012,81.5253130721931,69.72983617402012,48,fit_age3
