null.deviance,df.null,logLik,AIC,BIC,deviance,df.residual,model
276.9170309745885,210,-78.19358267471573,162.38716534943146,172.44273974985964,156.38716534943146,208,fit_age3
