null.deviance,df.null,logLik,AIC,BIC,deviance,df.residual,model
276.9170309745885,210,-74.01057450865997,160.02114901731994,180.13229781817634,148.02114901731994,205,fit_age3
