null.deviance,df.null,logLik,AIC,BIC,deviance,df.residual,model
0,0,-1.5837309241817366e-10,2.000000000316746,3.167461848363473e-10,3.167461848112653e-10,0,fit_age3
