null.deviance,df.null,logLik,AIC,BIC,deviance,df.residual,model
94.18389268419816,71,-46.654546305420595,97.30909261084119,101.8624248488733,93.30909261084119,70,fit_age3
