null.deviance,df.null,logLik,AIC,BIC,deviance,df.residual,model
70.21002803532892,50,-34.67236432786731,77.34472865573461,85.07203118663192,69.34472865573461,47,fit_age3
