r.squared,adj.r.squared,sigma,statistic,p.value,df,logLik,AIC,BIC,deviance,df.residual
0.6019412043299341,0.6015398544653747,0.49293890525036194,1499.7917215959749,0,6,-3529.9357692069275,7073.871538413855,7119.44271844921,1204.98128221044,4959
