term,estimate,std.error,statistic,p.value
(Intercept),-0.849779429162563,0.09025882485133724,-9.414917938076533,7.06491854753095e-21
lencap,0.02899410755022239,4.637563903395607e-4,62.52012512214228,0
zoneA2,0.016108000000004712,0.022056155102233663,0.7303176789128323,0.4652305234211006
zoneA3,0.1487199003289063,0.022117399174036552,6.724113407668994,1.9660296633263595e-11
zoneA4,-0.92602668733426,0.022083846467859228,-41.93230960385442,0
zoneA6,-0.6238410610578861,0.022162698899727572,-28.148244213413665,7.404900350768963e-162
