r.squared,adj.r.squared,sigma,statistic,p.value,df,logLik,AIC,BIC,deviance,df.residual,zone
0.6884570511699588,0.687148047183278,0.3226402166708238,525.9396137636171,3.3271709359984986e-62,2,-68.0488683619565,142.097736723913,152.53965349393897,24.775016840388282,238,A1
0.5545769422053513,0.5527054167524326,0.4423797848217034,296.32348378723583,1.1059198281843604e-43,2,-143.80029220949498,293.60058441898997,304.0425011890159,46.5765700164974,238,A2
0.6393419746364358,0.6378137626645564,0.34253622675139134,418.3594857263978,3.535207132257325e-54,2,-81.71521596379985,169.4304319275997,179.84724394861414,27.690131726351012,236,A3
0.4964563477155053,0.4943316909548112,0.4011090586683274,233.66425904640042,3.595361148860103e-37,2,-119.79036251215422,245.58072502430844,256.01011568010296,38.130569036152636,237,A4
0.17105410314559796,0.16751159931288684,0.7385113351752834,48.28621540677014,3.62544094774146e-11,2,-262.32918899760165,530.6583779952033,541.0498734102802,127.62336417067688,234,A6
