r.squared,adj.r.squared,sigma,statistic,p.value,df,logLik,AIC,BIC,deviance,df.residual,zone
0.6897118818372769,0.6894009718992381,0.3260638235898726,2218.3655054191377,7.473853629106073e-256,2,-297.27539297496276,600.5507859499255,615.274051786872,106.10498181993948,998,A1
0.5443856580800183,0.5439291306833048,0.4548742645362547,1192.4490446775176,1.492951747732811e-172,2,-630.203291970191,1266.406583940382,1281.1298497773284,206.4967753443238,998,A2
0.6235392184383878,0.6231577992068158,0.3538827581333179,1634.787044870345,1.3324972904294087e-211,2,-374.9662701702055,755.932540340411,770.6226233352792,123.60497741949176,987,A3
0.4849354574046445,0.4844167619941758,0.41829666863749837,934.9137231935605,3.15764177440428e-145,2,-543.636291371184,1093.272582742368,1107.9808109538437,173.74729827227654,993,A4
0.1668532586019928,0.16600224048003376,0.7696821659769091,196.06310875951255,9.688611995860136e-41,2,-1134.1738343069576,2274.347668613915,2289.0133859926113,579.9700132538252,979,A6
