r.squared,adj.r.squared,sigma,statistic,p.value,df,logLik,AIC,BIC,deviance,df.residual,zone
0.7189635310980356,0.7165919153267111,0.30529997867739006,303.15346178376967,4.768453940337577e-66,3,-54.28528632442449,116.57057264884898,130.49312834221695,22.090314244358314,237,A1
0.5577370401455205,0.5540048632691115,0.4386953104126707,149.44014140137529,1.030735708863506e-42,3,-141.28775555947325,290.5755111189465,304.49806681231445,45.611497364602464,237,A2
0.6753829400918473,0.6726202417096503,0.3246857378956151,244.46495659607513,3.855959356606334e-58,3,-68.47222602101039,144.94445204202077,158.83353473670667,24.77389467231272,235,A3
0.4674801084955382,0.46296722805905977,0.4126933021215184,103.58796672670644,5.100685100433053e-33,3,-126.08972902819065,260.1794580563813,274.08531226410736,40.19451974136723,236,A4
0.10445874577915189,0.09677169638669836,0.7436652736909134,13.588926055516037,2.6180144901421266e-6,3,-263.46511622828484,534.9302324565697,548.7855596766722,128.857863155451,233,A6
