r.squared,adj.r.squared,sigma,statistic,p.value,df,logLik,AIC,BIC,deviance,df.residual
0.6026073844224463,0.6022067062458204,0.4931906213087361,1503.9685702301229,0,6,-3532.4704671818104,7078.940934363621,7124.512114398975,1206.2122281876627,4959
